fname,label,Acoustic_guitar,Bass_drum,Cello,Clarinet,Double_bass,Flute,Hi-hat,Saxophone,Snare_drum,Violin_or_fiddle,y_pred
5388d14d.wav,Saxophone,0.06885650753974915,0.038606468588113785,0.19683724641799927,0.0684504359960556,0.04744267836213112,0.08506880700588226,0.02269279584288597,0.28712937235832214,0.07153800874948502,0.11337769031524658,Saxophone
c685f05f.wav,Saxophone,0.05751932039856911,0.04313059523701668,0.17243202030658722,0.06224723905324936,0.044023334980010986,0.0662822350859642,0.031748607754707336,0.33747050166130066,0.06414774805307388,0.12099837511777878,Saxophone
36d20ab5.wav,Saxophone,0.08921631425619125,0.020104723051190376,0.16265712678432465,0.07731432467699051,0.027876781299710274,0.051559481769800186,0.014404351823031902,0.4290092885494232,0.047126296907663345,0.08073122054338455,Saxophone
d6665734.wav,Saxophone,0.087455153465271,0.02177051082253456,0.1687711924314499,0.025591036304831505,0.01996058225631714,0.05926928669214249,0.003551476402208209,0.5576757192611694,0.016622187569737434,0.03933296725153923,Saxophone
7352e28f.wav,Saxophone,0.05496778339147568,0.03928397595882416,0.15965886414051056,0.05370275676250458,0.0514276959002018,0.09526852518320084,0.015801994130015373,0.3989042341709137,0.026838799938559532,0.10414537042379379,Saxophone
8fa096bf.wav,Saxophone,0.06288820505142212,0.030478231608867645,0.16415899991989136,0.035246625542640686,0.06057244539260864,0.07381027191877365,0.012366130016744137,0.47626638412475586,0.029446342960000038,0.054766375571489334,Saxophone
2f9c5f62.wav,Saxophone,0.08676308393478394,0.06962837278842926,0.23016893863677979,0.06774377077817917,0.13860000669956207,0.09070537984371185,0.020503919571638107,0.14191511273384094,0.08102966099977493,0.07294175028800964,Cello
9cd05a2b.wav,Saxophone,0.07008025795221329,0.041739918291568756,0.1338081955909729,0.0726824551820755,0.039003998041152954,0.08075577765703201,0.021978188306093216,0.3434658944606781,0.052002519369125366,0.1444825828075409,Saxophone
ab465bf9.wav,Saxophone,0.03798878565430641,0.06835426390171051,0.15302805602550507,0.10480546951293945,0.06846225261688232,0.16522185504436493,0.01943380944430828,0.27923816442489624,0.037609826773405075,0.06585753709077835,Saxophone
c40632d7.wav,Saxophone,0.06834650784730911,0.03827982395887375,0.2188088446855545,0.05758935585618019,0.056201398372650146,0.07449544221162796,0.013878388330340385,0.3082398474216461,0.08908961713314056,0.07507088035345078,Saxophone
3a80061f.wav,Saxophone,0.09167449176311493,0.027287783101201057,0.18228764832019806,0.03386130556464195,0.026995372027158737,0.06210625544190407,0.009438520297408104,0.4668630361557007,0.03971211612224579,0.05977366119623184,Saxophone
dba6817d.wav,Saxophone,0.05401310697197914,0.022128582000732422,0.23168812692165375,0.04511343315243721,0.021002965047955513,0.07481742650270462,0.006328819319605827,0.4715835750102997,0.01203963439911604,0.06128425523638725,Saxophone
25f26095.wav,Saxophone,0.0621805377304554,0.03666268661618233,0.14956894516944885,0.07495268434286118,0.056749939918518066,0.07634150981903076,0.01686486415565014,0.3878558576107025,0.06868575513362885,0.07013718038797379,Saxophone
37cebbd4.wav,Saxophone,0.05028004199266434,0.013877873308956623,0.12053580582141876,0.05192731320858002,0.018622495234012604,0.04846220090985298,0.03543642908334732,0.3485364019870758,0.054827120155096054,0.2574942409992218,Saxophone
f8d96888.wav,Saxophone,0.0839119628071785,0.030416840687394142,0.1863124966621399,0.03210695832967758,0.030768394470214844,0.07094977051019669,0.007514273747801781,0.47453394532203674,0.029036112129688263,0.05444929748773575,Saxophone
d94c94f0.wav,Saxophone,0.07605986297130585,0.053147900849580765,0.17676179111003876,0.08586100488901138,0.06412014365196228,0.059479642659425735,0.010831466875970364,0.36244508624076843,0.02715715579688549,0.08413597196340561,Saxophone
ec6afeb6.wav,Saxophone,0.06575722247362137,0.040813665837049484,0.19179190695285797,0.03988877683877945,0.06044900044798851,0.10803236067295074,0.010831747204065323,0.37261509895324707,0.03170108422636986,0.07811912894248962,Saxophone
5f0dc8e4.wav,Saxophone,0.05833825469017029,0.09211145341396332,0.2737139165401459,0.045172303915023804,0.06368885934352875,0.12329275906085968,0.029004592448472977,0.12248597294092178,0.09564173221588135,0.0965501219034195,Cello
b8c0a88a.wav,Saxophone,0.08638066053390503,0.054388947784900665,0.23886263370513916,0.04710031673312187,0.07146655023097992,0.13890953361988068,0.014760823920369148,0.2460736483335495,0.048635851591825485,0.05342100188136101,Saxophone
96dad435.wav,Saxophone,0.05497898533940315,0.08491089940071106,0.2331748902797699,0.05679182708263397,0.13578668236732483,0.1453942358493805,0.016542948782444,0.13539472222328186,0.06893226504325867,0.068092480301857,Cello
b120dc90.wav,Saxophone,0.09620938450098038,0.039140116423368454,0.1869002878665924,0.05535239726305008,0.04968684911727905,0.07290954887866974,0.00977407582104206,0.35751017928123474,0.045051950961351395,0.08746511489152908,Saxophone
c1948f24.wav,Saxophone,0.05224445462226868,0.08990874141454697,0.17922107875347137,0.08548999577760696,0.1040634959936142,0.11706602573394775,0.017950143665075302,0.2527660131454468,0.042990125715732574,0.05829984322190285,Saxophone
ac097834.wav,Saxophone,0.08491441607475281,0.04459095746278763,0.23864008486270905,0.039445411413908005,0.05588264763355255,0.09970562905073166,0.007435915060341358,0.3572952151298523,0.02550533041357994,0.04658445715904236,Saxophone
4345851e.wav,Saxophone,0.08514253795146942,0.024508250877261162,0.1960977464914322,0.029865112155675888,0.024762025102972984,0.06789834052324295,0.005409140605479479,0.49643340706825256,0.021971311420202255,0.04791209101676941,Saxophone
5d4f8187.wav,Saxophone,0.05321253463625908,0.021248796954751015,0.16272827982902527,0.13189898431301117,0.021340586245059967,0.04583549126982689,0.009394023567438126,0.4683052599430084,0.020170435309410095,0.06586559116840363,Saxophone
b83049f4.wav,Saxophone,0.06922203302383423,0.022353816777467728,0.16940824687480927,0.05281341075897217,0.04604407027363777,0.06693248450756073,0.01591351628303528,0.4445454180240631,0.041638392955064774,0.07112858444452286,Saxophone
c1c3c8b9.wav,Saxophone,0.05014324560761452,0.045681457966566086,0.13336630165576935,0.034483201801776886,0.24658165872097015,0.0726235955953598,0.0037501316983252764,0.29043668508529663,0.013778199441730976,0.10915551334619522,Saxophone
78a86075.wav,Saxophone,0.08691585063934326,0.03587351366877556,0.15933024883270264,0.04034562036395073,0.02955971285700798,0.052074506878852844,0.007379661314189434,0.5117918252944946,0.016506707295775414,0.06022233888506889,Saxophone
f0d315bc.wav,Saxophone,0.08374091237783432,0.028460724279284477,0.12362873554229736,0.061525557190179825,0.051796041429042816,0.04673178121447563,0.007223108783364296,0.43856897950172424,0.033843908458948135,0.12448029220104218,Saxophone
9c0838c1.wav,Saxophone,0.09760652482509613,0.02100418508052826,0.17725834250450134,0.026774484664201736,0.027813535183668137,0.06476107239723206,0.00442373426631093,0.5130918025970459,0.031148571521043777,0.036117665469646454,Saxophone
d6144e01.wav,Violin_or_fiddle,0.07795293629169464,0.05821608752012253,0.15792979300022125,0.051144540309906006,0.06964202225208282,0.08454778790473938,0.0520642027258873,0.08731652796268463,0.25439390540122986,0.10679218918085098,Snare_drum
cfb9c5fd.wav,Violin_or_fiddle,0.051819298416376114,0.03575439006090164,0.1294441968202591,0.10819502919912338,0.03369998559355736,0.0580630823969841,0.0617186538875103,0.1218559592962265,0.09939203411340714,0.30005738139152527,Violin_or_fiddle
c6865306.wav,Violin_or_fiddle,0.09959490597248077,0.04552403837442398,0.19115367531776428,0.07544662058353424,0.04500739276409149,0.07374322414398193,0.02735837548971176,0.25454577803611755,0.048318468034267426,0.1393076628446579,Saxophone
642aba58.wav,Violin_or_fiddle,0.0655938982963562,0.06342997401952744,0.16944733262062073,0.03970315307378769,0.1742846965789795,0.0632614716887474,0.014939315617084503,0.20294775068759918,0.039438582956790924,0.16695380210876465,Saxophone
848faca3.wav,Violin_or_fiddle,0.04426248371601105,0.06687656044960022,0.20662693679332733,0.03530449420213699,0.06146804615855217,0.08122800290584564,0.01364139374345541,0.09837253391742706,0.2587340474128723,0.13348546624183655,Snare_drum
7eb9dac0.wav,Violin_or_fiddle,0.08958003669977188,0.0881086215376854,0.199611097574234,0.05975274741649628,0.08158960938453674,0.10119584947824478,0.028025131672620773,0.07659505307674408,0.12223935127258301,0.15330247581005096,Cello
8d7d7dba.wav,Violin_or_fiddle,0.09899627417325974,0.02934817224740982,0.1003381609916687,0.17337971925735474,0.018110452219843864,0.044968683272600174,0.03707730397582054,0.23310701549053192,0.03734457120299339,0.22732959687709808,Saxophone
2424ad60.wav,Violin_or_fiddle,0.16113625466823578,0.028645789250731468,0.13644187152385712,0.06259351223707199,0.026276975870132446,0.04889281839132309,0.02942405454814434,0.21542991697788239,0.07007507979869843,0.22108370065689087,Violin_or_fiddle
ba648ac1.wav,Violin_or_fiddle,0.04029686748981476,0.06188743934035301,0.16294296085834503,0.03567297384142876,0.05054827779531479,0.06437153369188309,0.016736578196287155,0.11270597577095032,0.11344659328460693,0.3413907587528229,Violin_or_fiddle
2e4a9850.wav,Violin_or_fiddle,0.07446995377540588,0.02743377722799778,0.15716400742530823,0.07042451947927475,0.05884372070431709,0.07737283408641815,0.03514485061168671,0.24310673773288727,0.06948119401931763,0.18655836582183838,Saxophone
2cc8683d.wav,Violin_or_fiddle,0.049978483468294144,0.09907121956348419,0.20512111485004425,0.05439330264925957,0.10418442636728287,0.09085165709257126,0.041383031755685806,0.13878083229064941,0.09024795144796371,0.1259879171848297,Cello
7b6a119e.wav,Violin_or_fiddle,0.05462516099214554,0.0491415411233902,0.31751778721809387,0.0813651755452156,0.05045576021075249,0.13053222000598907,0.038345590233802795,0.12292935699224472,0.048819974064826965,0.10626742243766785,Cello
68589f79.wav,Violin_or_fiddle,0.08691591769456863,0.08730150759220123,0.1611810177564621,0.04042035713791847,0.09566593170166016,0.10182652622461319,0.02840939536690712,0.12473919242620468,0.13024140894412994,0.14329874515533447,Cello
fec00143.wav,Violin_or_fiddle,0.04295084998011589,0.03289386257529259,0.3074527978897095,0.1161046102643013,0.04321420565247536,0.1817360371351242,0.052969738841056824,0.06448183208703995,0.053639013320207596,0.10455697029829025,Cello
1b24c166.wav,Violin_or_fiddle,0.04346523433923721,0.04046636447310448,0.2220468819141388,0.0462033748626709,0.03709564730525017,0.06870867311954498,0.03036307916045189,0.17933544516563416,0.11828268319368362,0.2140326052904129,Cello
6eb59008.wav,Violin_or_fiddle,0.025347726419568062,0.03517331928014755,0.21743199229240417,0.18520881235599518,0.016301874071359634,0.11045027524232864,0.08677393198013306,0.07384736090898514,0.04229234904050827,0.20717236399650574,Cello
0e7cd4eb.wav,Violin_or_fiddle,0.07548026740550995,0.04651792347431183,0.19163157045841217,0.11455413699150085,0.050271954387426376,0.06909748166799545,0.03820815309882164,0.2103302776813507,0.0797358825802803,0.12417237460613251,Saxophone
56e79c6f.wav,Violin_or_fiddle,0.058298274874687195,0.05034724250435829,0.2351902276277542,0.092064268887043,0.04899319261312485,0.11151234060525894,0.04265046492218971,0.1572539508342743,0.05678478628396988,0.146905317902565,Cello
cdc5fe8e.wav,Violin_or_fiddle,0.06031521037220955,0.06392009556293488,0.19991455972194672,0.037136249244213104,0.0854719951748848,0.10863906890153885,0.028972217813134193,0.1471630185842514,0.05707184225320816,0.2113957554101944,Violin_or_fiddle
b38409bb.wav,Violin_or_fiddle,0.05761651694774628,0.08757322281599045,0.23371395468711853,0.03996317833662033,0.08820260316133499,0.09608642011880875,0.03074849396944046,0.08630869537591934,0.1674794852733612,0.11230741441249847,Cello
c8c117dc.wav,Violin_or_fiddle,0.03018023446202278,0.05312951281666756,0.18063558638095856,0.03534197062253952,0.04323728382587433,0.05584052577614784,0.01820790208876133,0.13282623887062073,0.04626554250717163,0.4043351709842682,Violin_or_fiddle
b73c3595.wav,Violin_or_fiddle,0.08472314476966858,0.09624146670103073,0.16027741134166718,0.05702609941363335,0.07875140756368637,0.1279236376285553,0.020202424377202988,0.06338326632976532,0.15355901420116425,0.15791213512420654,Cello
d84c8c43.wav,Violin_or_fiddle,0.035537946969270706,0.07398173958063126,0.1649976223707199,0.04671560227870941,0.06324497610330582,0.07029895484447479,0.02975037321448326,0.13624054193496704,0.09310515969991684,0.28612712025642395,Violin_or_fiddle
d914225a.wav,Violin_or_fiddle,0.0588558204472065,0.05840463191270828,0.16800566017627716,0.05579783394932747,0.04860588163137436,0.053600944578647614,0.04085732251405716,0.23604997992515564,0.08409212529659271,0.1957297921180725,Saxophone
1148986e.wav,Violin_or_fiddle,0.06427591294050217,0.08213098347187042,0.18488706648349762,0.039642028510570526,0.11097344756126404,0.06299381703138351,0.016089780256152153,0.23552855849266052,0.03877772390842438,0.1647006869316101,Saxophone
e3f479f3.wav,Violin_or_fiddle,0.06254111975431442,0.05524435639381409,0.2269759327173233,0.08212002366781235,0.0598456896841526,0.108540378510952,0.04890545830130577,0.16082021594047546,0.06648562103509903,0.12852123379707336,Cello
aab28420.wav,Violin_or_fiddle,0.056385159492492676,0.08870851993560791,0.2478226274251938,0.0721466988325119,0.08407265692949295,0.08914319425821304,0.03683474287390709,0.1245148554444313,0.07434464991092682,0.1260269433259964,Cello
21346775.wav,Violin_or_fiddle,0.02873169258236885,0.034883275628089905,0.15687274932861328,0.028105614706873894,0.03319954872131348,0.04946155846118927,0.022584913298487663,0.13334473967552185,0.1405467391014099,0.3722691237926483,Violin_or_fiddle
cdeece57.wav,Violin_or_fiddle,0.05824841186404228,0.03331560268998146,0.15986405313014984,0.04805212840437889,0.04104410856962204,0.07959625124931335,0.04297889769077301,0.21222151815891266,0.1301240175962448,0.19455496966838837,Saxophone
c9fb642d.wav,Violin_or_fiddle,0.04703128710389137,0.0521676242351532,0.18886283040046692,0.03335186094045639,0.05198665335774422,0.05408517271280289,0.011748096905648708,0.20895004272460938,0.15171125531196594,0.2001051902770996,Saxophone
078f7ac0.wav,Hi-hat,0.017426500096917152,0.043565649539232254,0.1765042245388031,0.10608447343111038,0.04012473300099373,0.10368308424949646,0.370842307806015,0.06702049821615219,0.04931693151593208,0.025431698188185692,Hi-hat
e897db78.wav,Hi-hat,0.01352695096284151,0.03387541323900223,0.13548894226551056,0.06863879412412643,0.026429709047079086,0.08783449232578278,0.5437638163566589,0.04232964664697647,0.03530637174844742,0.012805853970348835,Hi-hat
b31ed1fb.wav,Hi-hat,0.04987899214029312,0.023636357858777046,0.21832984685897827,0.045841701328754425,0.04489946737885475,0.06192414462566376,0.14159128069877625,0.06541961431503296,0.28065404295921326,0.06782456487417221,Snare_drum
06c48eab.wav,Hi-hat,0.0242921132594347,0.044533368200063705,0.1590193659067154,0.0454326868057251,0.0415327288210392,0.11900463700294495,0.36382439732551575,0.0751425102353096,0.08522546291351318,0.041992757469415665,Hi-hat
2503aaa1.wav,Hi-hat,0.013801434077322483,0.040530480444431305,0.1506604552268982,0.12415504455566406,0.0267593115568161,0.08481935411691666,0.4525264501571655,0.050267331302165985,0.033045634627342224,0.023434506729245186,Hi-hat
3d3439f1.wav,Hi-hat,0.015907397493720055,0.041402917355298996,0.1830778867006302,0.09518450498580933,0.033279936760663986,0.08023782074451447,0.4673347473144531,0.032972224056720734,0.03965379670262337,0.010948740877211094,Hi-hat
34a90030.wav,Hi-hat,0.02184308134019375,0.027040580287575722,0.2124616652727127,0.12110617011785507,0.03493577986955643,0.12242217361927032,0.32057759165763855,0.06806450337171555,0.04943731799721718,0.022111130878329277,Hi-hat
da4b0379.wav,Hi-hat,0.016356544569134712,0.03208281844854355,0.1779637634754181,0.1402316391468048,0.02282635308802128,0.09618820250034332,0.43280309438705444,0.03501773625612259,0.032006170600652695,0.01452367752790451,Hi-hat
a090c45a.wav,Hi-hat,0.014615622349083424,0.021950187161564827,0.09823998063802719,0.08206655830144882,0.013608059845864773,0.06917754560709,0.6282163262367249,0.031399767845869064,0.028048165142536163,0.012677746824920177,Hi-hat
41897c32.wav,Hi-hat,0.014311593025922775,0.02382846362888813,0.11663714051246643,0.14022672176361084,0.016806716099381447,0.0718965008854866,0.5244101285934448,0.04250309616327286,0.024147141724824905,0.0252324678003788,Hi-hat
2032be87.wav,Hi-hat,0.012035693041980267,0.04673383757472038,0.1319998949766159,0.19520075619220734,0.027475828304886818,0.07448214292526245,0.40812721848487854,0.05025452747941017,0.027100734412670135,0.026589391753077507,Hi-hat
73677128.wav,Hi-hat,0.013133795000612736,0.03583699092268944,0.1586841195821762,0.1433652639389038,0.02480003610253334,0.09350765496492386,0.4228552579879761,0.054669089615345,0.027427665889263153,0.025720197707414627,Hi-hat
c53a217e.wav,Hi-hat,0.0165889710187912,0.03594285622239113,0.17395779490470886,0.127334862947464,0.032121624797582626,0.0900626853108406,0.41299518942832947,0.054457779973745346,0.0350809283554554,0.02145729772746563,Hi-hat
f0dfe343.wav,Hi-hat,0.012421240098774433,0.04308624565601349,0.1414790153503418,0.11877748370170593,0.027640359476208687,0.0905018225312233,0.4580586850643158,0.05820009112358093,0.02836323156952858,0.021471818909049034,Hi-hat
0ed06544.wav,Hi-hat,0.014680271036922932,0.028097644448280334,0.15235592424869537,0.14794805645942688,0.025482801720499992,0.08654709160327911,0.4464898407459259,0.047174982726573944,0.028012068942189217,0.023211300373077393,Hi-hat
99c96a07.wav,Hi-hat,0.009833473712205887,0.03008076548576355,0.1638496220111847,0.10185691714286804,0.03796601668000221,0.045237619429826736,0.5553272366523743,0.025934746488928795,0.022814029827713966,0.007099447771906853,Hi-hat
3a3d0279.wav,Hi-hat,0.012032673694193363,0.01727089285850525,0.08594072610139847,0.10770189017057419,0.011151681654155254,0.07091302424669266,0.6260782480239868,0.031951889395713806,0.023089656606316566,0.013869327493011951,Hi-hat
612702c3.wav,Hi-hat,0.021173465996980667,0.048905111849308014,0.26901498436927795,0.08950445801019669,0.04038328304886818,0.13523179292678833,0.2604495882987976,0.07624873518943787,0.03857695311307907,0.02051161602139473,Cello
d6854eb4.wav,Hi-hat,0.05394810065627098,0.022320831194519997,0.17505022883415222,0.06334337592124939,0.06685716658830643,0.07372317463159561,0.10656893998384476,0.14994309842586517,0.20449766516685486,0.08374745398759842,Snare_drum
52300f9b.wav,Hi-hat,0.011331022717058659,0.02923755906522274,0.1150549054145813,0.10664864629507065,0.022907404229044914,0.08026336878538132,0.5414916276931763,0.044940490275621414,0.0326087549328804,0.015516214072704315,Hi-hat
09a1cfd7.wav,Hi-hat,0.01007030252367258,0.027096502482891083,0.11522600799798965,0.12884294986724854,0.018932539969682693,0.06343710422515869,0.566082775592804,0.032104529440402985,0.02614365518093109,0.012063643895089626,Hi-hat
3aafb6ad.wav,Hi-hat,0.011644195765256882,0.022288314998149872,0.08132974803447723,0.12111032009124756,0.015132457949221134,0.06215908005833626,0.5159928202629089,0.06106538325548172,0.045247118920087814,0.06403053551912308,Hi-hat
493c247b.wav,Hi-hat,0.010784449987113476,0.04348836466670036,0.13093097507953644,0.12827400863170624,0.033545322716236115,0.061643000692129135,0.47171127796173096,0.052909966558218,0.0463160015642643,0.020396603271365166,Hi-hat
5ec7ad26.wav,Hi-hat,0.02585284784436226,0.04688062518835068,0.18670153617858887,0.09174580127000809,0.0367417074739933,0.12650693953037262,0.33152133226394653,0.06837261468172073,0.05481585115194321,0.030860701575875282,Hi-hat
a1b369d7.wav,Hi-hat,0.014189602807164192,0.02350829541683197,0.1302395910024643,0.13052119314670563,0.019026491791009903,0.07840800285339355,0.5138532519340515,0.04186510294675827,0.027206752449274063,0.021181702613830566,Hi-hat
8cd809d3.wav,Hi-hat,0.011422519572079182,0.018947673961520195,0.0814289003610611,0.06250226497650146,0.015298225916922092,0.04445962607860565,0.5689418911933899,0.05852718651294708,0.08084595203399658,0.057625625282526016,Hi-hat
aed9d22f.wav,Hi-hat,0.027765842154622078,0.03609282150864601,0.24254141747951508,0.07875105738639832,0.05217396467924118,0.1349879503250122,0.24146680533885956,0.08620074391365051,0.07892052084207535,0.021098876371979713,Cello
a7964699.wav,Hi-hat,0.00818775873631239,0.016643375158309937,0.05466592684388161,0.07433503121137619,0.008809349499642849,0.047275736927986145,0.6424135565757751,0.04855193570256233,0.05042688921093941,0.04869048669934273,Hi-hat
da3f8050.wav,Hi-hat,0.0160475205630064,0.027739694342017174,0.13017971813678741,0.13477027416229248,0.024537162855267525,0.07871370762586594,0.481681764125824,0.0493474118411541,0.026678984984755516,0.030303722247481346,Hi-hat
468f9c4c.wav,Hi-hat,0.021525848656892776,0.03519361466169357,0.2774477005004883,0.04939408227801323,0.04039429873228073,0.1321319043636322,0.24057456851005554,0.104154571890831,0.05842454731464386,0.0407588817179203,Cello
229be2be.wav,Snare_drum,0.041758399456739426,0.07656238973140717,0.3497295081615448,0.109156534075737,0.12003768980503082,0.058025214821100235,0.0518658384680748,0.051315613090991974,0.109371118247509,0.032177720218896866,Cello
b6cbc6a9.wav,Snare_drum,0.0468839630484581,0.03350447863340378,0.15484900772571564,0.05329333618283272,0.06258760392665863,0.04787936061620712,0.06837500631809235,0.11066249758005142,0.3390747904777527,0.08288995921611786,Snare_drum
ae7d1c37.wav,Snare_drum,0.10714135318994522,0.026181891560554504,0.17688117921352386,0.05040013790130615,0.042052261531353,0.039125796407461166,0.02662644349038601,0.19177721440792084,0.2839743196964264,0.055839527398347855,Snare_drum
82d4fb44.wav,Snare_drum,0.10538224875926971,0.028353696689009666,0.18640239536762238,0.06163321062922478,0.04559394344687462,0.048482153564691544,0.031946636736392975,0.18999698758125305,0.2433314174413681,0.05887727066874504,Snare_drum
4c590f69.wav,Snare_drum,0.0696423277258873,0.06336070597171783,0.1828697770833969,0.14092770218849182,0.08586946129798889,0.07226333767175674,0.04372858628630638,0.11000005155801773,0.06577670574188232,0.16556137800216675,Cello
1c9a423f.wav,Snare_drum,0.049997009336948395,0.09809808433055878,0.29802078008651733,0.065607950091362,0.07109974324703217,0.11965449154376984,0.02135167457163334,0.09384606778621674,0.09634546935558319,0.08597872406244278,Cello
f0727eac.wav,Snare_drum,0.058905456215143204,0.020018862560391426,0.13894498348236084,0.050681907683610916,0.043986041098833084,0.042464617639780045,0.06871633976697922,0.12442830950021744,0.36417412757873535,0.08767935633659363,Snare_drum
31db8c5e.wav,Snare_drum,0.06546708941459656,0.07280508428812027,0.17500688135623932,0.05892684683203697,0.06289645284414291,0.0578911118209362,0.044826339930295944,0.17604686319828033,0.1469350904226303,0.13919824361801147,Saxophone
b86b5a96.wav,Snare_drum,0.05675853043794632,0.06840480118989944,0.20321811735630035,0.09097166359424591,0.09882115572690964,0.07147528976202011,0.10773009061813354,0.08560247719287872,0.14804935455322266,0.0689685195684433,Cello
6fca680b.wav,Snare_drum,0.09077684581279755,0.03850920870900154,0.17894481122493744,0.06545209139585495,0.05833226069808006,0.05393698066473007,0.03962429240345955,0.14452368021011353,0.25700992345809937,0.07288989424705505,Snare_drum
1bc8eae1.wav,Snare_drum,0.06349150091409683,0.08544959127902985,0.24195121228694916,0.07216934114694595,0.08073410391807556,0.09654293954372406,0.041310522705316544,0.12824761867523193,0.12818919122219086,0.061913926154375076,Cello
46b52f97.wav,Snare_drum,0.04501960799098015,0.04963249713182449,0.2533552348613739,0.1102675125002861,0.04048895835876465,0.08529776334762573,0.057135820388793945,0.1340571790933609,0.12949992716312408,0.09524550288915634,Cello
0c67f402.wav,Snare_drum,0.10146789252758026,0.03391392156481743,0.19562624394893646,0.06642203778028488,0.053918201476335526,0.03728225454688072,0.0363459587097168,0.13043814897537231,0.2915302515029907,0.05305502936244011,Snare_drum
c8ecbbfd.wav,Snare_drum,0.0578279085457325,0.03569473326206207,0.15770182013511658,0.05129806697368622,0.08980090171098709,0.08379479497671127,0.041614700108766556,0.2259964793920517,0.1496950387954712,0.10657557100057602,Saxophone
9f84ea5a.wav,Snare_drum,0.10178161412477493,0.07189682126045227,0.174563929438591,0.07261305302381516,0.13671322166919708,0.05804981291294098,0.01622883416712284,0.20149829983711243,0.07219964265823364,0.09445478022098541,Saxophone
e4958adc.wav,Snare_drum,0.09459332376718521,0.0282885879278183,0.19323714077472687,0.05856798216700554,0.051476627588272095,0.04049580916762352,0.03402885049581528,0.18600647151470184,0.2604886591434479,0.05281660333275795,Snare_drum
5ce40b1b.wav,Snare_drum,0.07364199310541153,0.08097478747367859,0.28264522552490234,0.06548947840929031,0.10399217158555984,0.07915209233760834,0.02579573541879654,0.08790342509746552,0.14328116178512573,0.057123955339193344,Cello
9d308738.wav,Snare_drum,0.06504227221012115,0.03477819636464119,0.1717117875814438,0.06367205828428268,0.03613576292991638,0.08159457892179489,0.07410255819559097,0.23805423080921173,0.09273610264062881,0.1421724259853363,Saxophone
1e3391d5.wav,Snare_drum,0.08308222889900208,0.035979706794023514,0.2058039903640747,0.06486617028713226,0.05537654459476471,0.04638814926147461,0.04295773431658745,0.16747058928012848,0.2382756620645523,0.05979925021529198,Snare_drum
ff3f21e7.wav,Snare_drum,0.11359389871358871,0.019579440355300903,0.159677192568779,0.04795844107866287,0.029776327311992645,0.03902636468410492,0.023617703467607498,0.26787257194519043,0.24080465734004974,0.05809337645769119,Saxophone
b68f10af.wav,Snare_drum,0.06775334477424622,0.10087486356496811,0.2713104486465454,0.08211034536361694,0.10193096101284027,0.09189470112323761,0.04281746596097946,0.0961698442697525,0.08015602082014084,0.06498201191425323,Cello
e8e00924.wav,Snare_drum,0.05658797547221184,0.05264744162559509,0.17427529394626617,0.053831905126571655,0.08465180546045303,0.06859126687049866,0.03944362327456474,0.2043306976556778,0.12718600034713745,0.13845397531986237,Saxophone
22e1c02c.wav,Snare_drum,0.0667218342423439,0.064658023416996,0.3231474757194519,0.058404047042131424,0.13204126060009003,0.11046392470598221,0.022399306297302246,0.0841718539595604,0.07389435172080994,0.06409788876771927,Cello
5c33d972.wav,Snare_drum,0.04156483709812164,0.04672336205840111,0.22092632949352264,0.038333699107170105,0.0714360848069191,0.06109502166509628,0.02995355799794197,0.11261264234781265,0.2282187044620514,0.1491357386112213,Snare_drum
9320c55f.wav,Snare_drum,0.026448186486959457,0.03946162015199661,0.1790044605731964,0.03375417739152908,0.03779594972729683,0.06308972090482712,0.03103863261640072,0.12370838969945908,0.39382174611091614,0.0718771368265152,Snare_drum
f1754aea.wav,Snare_drum,0.04738597571849823,0.10857557505369186,0.2973191440105438,0.07872214913368225,0.09292786568403244,0.08939922600984573,0.08149724453687668,0.08440660685300827,0.08515910059213638,0.03460715338587761,Cello
b218444c.wav,Snare_drum,0.10946924239397049,0.03452949970960617,0.2023053914308548,0.06488252431154251,0.055765800178050995,0.046464890241622925,0.020126206800341606,0.19817326962947845,0.20984041690826416,0.05844278261065483,Snare_drum
36d06cc0.wav,Snare_drum,0.09556139260530472,0.0284628476947546,0.2235325276851654,0.053279198706150055,0.05111192539334297,0.04490399360656738,0.024965772405266762,0.1819174885749817,0.24683065712451935,0.04943419620394707,Snare_drum
4c4d4797.wav,Snare_drum,0.06898050010204315,0.09435445070266724,0.21932007372379303,0.07443227618932724,0.14215420186519623,0.08092450350522995,0.03092631883919239,0.08951053023338318,0.09888768196105957,0.10050943493843079,Cello
cae0d841.wav,Snare_drum,0.03505977243185043,0.0724506750702858,0.3543015420436859,0.09611743688583374,0.05264631286263466,0.0829249918460846,0.04414725303649902,0.0909985825419426,0.10722950100898743,0.0641239657998085,Cello
17f82c05.wav,Acoustic_guitar,0.050150591880083084,0.08498621731996536,0.19586366415023804,0.03690261021256447,0.07924922555685043,0.058226607739925385,0.01782240904867649,0.16546553373336792,0.059010837227106094,0.25232234597206116,Violin_or_fiddle
0eeaebcb.wav,Acoustic_guitar,0.14132776856422424,0.06822218000888824,0.2581343352794647,0.04851428419351578,0.09308529645204544,0.08829651027917862,0.016021765768527985,0.15138936042785645,0.06669621914625168,0.06831230223178864,Cello
e92bf0fa.wav,Acoustic_guitar,0.14860478043556213,0.05660498887300491,0.15927168726921082,0.08487670868635178,0.11797596514225006,0.06370244175195694,0.009294331073760986,0.21710868179798126,0.0390968956053257,0.1034635379910469,Saxophone
10da16fb.wav,Acoustic_guitar,0.16544683277606964,0.06093330681324005,0.13769154250621796,0.04902761057019234,0.10009946674108505,0.03216128051280975,0.008099307306110859,0.20510204136371613,0.029801027849316597,0.21163755655288696,Violin_or_fiddle
a25423a8.wav,Acoustic_guitar,0.07113132625818253,0.09517057985067368,0.2389451414346695,0.06892187893390656,0.09387744963169098,0.09104683995246887,0.03253469243645668,0.106028251349926,0.10003392398357391,0.10230989754199982,Cello
16c9a838.wav,Acoustic_guitar,0.08934473991394043,0.08063391596078873,0.1845676749944687,0.04030177742242813,0.15051671862602234,0.06428343057632446,0.00681455759331584,0.24444979429244995,0.024075349792838097,0.11501199752092361,Saxophone
70ca9c77.wav,Acoustic_guitar,0.07458459585905075,0.0896705612540245,0.23233452439308167,0.0687829777598381,0.10234805941581726,0.09137390553951263,0.030998045578598976,0.12168542295694351,0.10120029002428055,0.0870215967297554,Cello
38216fad.wav,Acoustic_guitar,0.05605045333504677,0.08357275277376175,0.22591271996498108,0.040506720542907715,0.07633470743894577,0.08109453320503235,0.02756536193192005,0.1586933434009552,0.08287753164768219,0.16739186644554138,Cello
d8a257e5.wav,Acoustic_guitar,0.09163251519203186,0.07910316437482834,0.21754838526248932,0.03545733913779259,0.04579621180891991,0.05792444199323654,0.021568119525909424,0.28231263160705566,0.06464871019124985,0.10400856286287308,Saxophone
7506dcc4.wav,Acoustic_guitar,0.07768329232931137,0.1207040324807167,0.20528610050678253,0.05197218060493469,0.16624723374843597,0.07660641521215439,0.014411487616598606,0.10130784660577774,0.05726171284914017,0.12851972877979279,Cello
a6728901.wav,Acoustic_guitar,0.06613189727067947,0.0827929750084877,0.22158470749855042,0.03667740896344185,0.1339782327413559,0.10588248074054718,0.015712009742856026,0.18676850199699402,0.028088215738534927,0.12238363176584244,Cello
b88322f6.wav,Acoustic_guitar,0.08357573300600052,0.11595004796981812,0.23385044932365417,0.04240848496556282,0.08676840364933014,0.07496228814125061,0.012454099953174591,0.23035928606987,0.02557176537811756,0.09409938007593155,Cello
35039ae1.wav,Acoustic_guitar,0.0862390473484993,0.08289017528295517,0.25438836216926575,0.03887809440493584,0.11695697903633118,0.1263137310743332,0.014090877026319504,0.16942958533763885,0.05738332122564316,0.05342981591820717,Cello
236cbab1.wav,Acoustic_guitar,0.09001339226961136,0.0901467576622963,0.23335401713848114,0.06618890166282654,0.08988853543996811,0.08701357990503311,0.03318683058023453,0.11829628795385361,0.10200511664152145,0.08990657329559326,Cello
0356dec7.wav,Acoustic_guitar,0.08683504909276962,0.05777203291654587,0.21865782141685486,0.036049697548151016,0.07209604233503342,0.07408983260393143,0.01769215613603592,0.22515413165092468,0.07429718971252441,0.13735607266426086,Saxophone
bb1f5874.wav,Acoustic_guitar,0.1355748027563095,0.040629830211400986,0.1806078851222992,0.09754160046577454,0.13475023210048676,0.08428386598825455,0.01056781504303217,0.14412245154380798,0.06846693158149719,0.10345461219549179,Cello
34747922.wav,Acoustic_guitar,0.09804115444421768,0.08415564894676208,0.23063409328460693,0.03940553218126297,0.1160394549369812,0.08752904087305069,0.010976542718708515,0.1828128695487976,0.03422899916768074,0.11617669463157654,Cello
44fb3eeb.wav,Acoustic_guitar,0.08981607109308243,0.09784790873527527,0.17280659079551697,0.04505502060055733,0.17993083596229553,0.06561067700386047,0.007236736360937357,0.1673479825258255,0.032525453716516495,0.14182274043560028,Double_bass
367ad7b1.wav,Acoustic_guitar,0.1238192692399025,0.10522577166557312,0.15446294844150543,0.06739959120750427,0.2604643404483795,0.07038934528827667,0.003930244594812393,0.08235839009284973,0.05454558506608009,0.07740456610918045,Double_bass
160c92d7.wav,Acoustic_guitar,0.20250090956687927,0.061878930777311325,0.13008210062980652,0.05783645808696747,0.10696069896221161,0.02997920662164688,0.006464692298322916,0.1793508529663086,0.024822037667036057,0.20012417435646057,Acoustic_guitar
2016d256.wav,Acoustic_guitar,0.055378157645463943,0.13697853684425354,0.27553582191467285,0.04290393739938736,0.13309243321418762,0.07854656875133514,0.015719080343842506,0.0850893035531044,0.08063940703868866,0.09611677378416061,Cello
fc55d588.wav,Acoustic_guitar,0.11164610832929611,0.08355756849050522,0.18550382554531097,0.0781308114528656,0.10147961974143982,0.06789179891347885,0.00901578739285469,0.2641778290271759,0.03244761750102043,0.0661490336060524,Saxophone
c7846d27.wav,Acoustic_guitar,0.06403228640556335,0.08769954741001129,0.28730982542037964,0.037346694618463516,0.05112024396657944,0.12400388717651367,0.026057207956910133,0.14644001424312592,0.05902895703911781,0.11696135252714157,Cello
55822aae.wav,Acoustic_guitar,0.18312598764896393,0.08473514020442963,0.2562698721885681,0.051175832748413086,0.09149645268917084,0.05970747396349907,0.01342410035431385,0.1376434862613678,0.05072971060872078,0.07169196754693985,Cello
9923ddf8.wav,Acoustic_guitar,0.03933738172054291,0.1376425325870514,0.35511186718940735,0.032792363315820694,0.08697924017906189,0.12403536587953568,0.011465363204479218,0.045720309019088745,0.09862789511680603,0.0682876855134964,Cello
32dee61b.wav,Acoustic_guitar,0.05031502619385719,0.05464739352464676,0.16200682520866394,0.04096459224820137,0.06249961629509926,0.03821343928575516,0.013624717481434345,0.163591206073761,0.05073550343513489,0.3634016513824463,Violin_or_fiddle
fa4d4a92.wav,Acoustic_guitar,0.11672720313072205,0.08331268280744553,0.20079895853996277,0.07136041671037674,0.15552878379821777,0.07543466240167618,0.019993910565972328,0.09455171972513199,0.08636846393346786,0.09592321515083313,Cello
8da75280.wav,Acoustic_guitar,0.08871188014745712,0.07471641153097153,0.19728504121303558,0.06214839592576027,0.08474086970090866,0.07810778170824051,0.02769259363412857,0.19472835958003998,0.10416171699762344,0.0877068042755127,Cello
b2261238.wav,Acoustic_guitar,0.14992190897464752,0.0668414980173111,0.177256777882576,0.05332334712147713,0.18017056584358215,0.07339807599782944,0.007431551814079285,0.1712172031402588,0.04592939466238022,0.0745096504688263,Double_bass
673defaf.wav,Acoustic_guitar,0.1640816181898117,0.04322456195950508,0.1686108559370041,0.0322248637676239,0.06451674550771713,0.026188137009739876,0.0039280131459236145,0.3869066536426544,0.01203190442174673,0.09828667342662811,Saxophone
e6597186.wav,Double_bass,0.0830320343375206,0.08830468356609344,0.18355654180049896,0.06345903128385544,0.1328764259815216,0.07576083391904831,0.028108542785048485,0.1459236890077591,0.0910390168428421,0.1079392209649086,Cello
fcfafbc8.wav,Double_bass,0.05363902822136879,0.08307807147502899,0.20774324238300323,0.05493616312742233,0.0943300724029541,0.06384234130382538,0.034593626856803894,0.12539522349834442,0.12773846089839935,0.154703751206398,Cello
444f9db5.wav,Double_bass,0.06373380124568939,0.08066033571958542,0.14993686974048615,0.056629352271556854,0.29145804047584534,0.08130590617656708,0.007183191366493702,0.148115336894989,0.02363818697631359,0.09733901172876358,Double_bass
19893aa8.wav,Double_bass,0.052516814321279526,0.14397379755973816,0.3345697522163391,0.036208655685186386,0.0946631133556366,0.05472634360194206,0.019422685727477074,0.10834312438964844,0.08521229773759842,0.07036341726779938,Cello
f042282c.wav,Double_bass,0.062126368284225464,0.07801256328821182,0.3228757977485657,0.09791550785303116,0.13036862015724182,0.06069899722933769,0.016035886481404305,0.06405575573444366,0.0836024284362793,0.08430805057287216,Cello
95e1d0ae.wav,Double_bass,0.03315739333629608,0.06691931933164597,0.18616540729999542,0.03955518454313278,0.066567562520504,0.04691002517938614,0.02508627437055111,0.1320808231830597,0.10498830676078796,0.2985697388648987,Violin_or_fiddle
595c191d.wav,Double_bass,0.06110771745443344,0.07380536198616028,0.15432433784008026,0.05174749344587326,0.32367685437202454,0.06733954697847366,0.004090282134711742,0.17158278822898865,0.011784929782152176,0.08054067939519882,Double_bass
8073923c.wav,Double_bass,0.08509694039821625,0.07473363727331161,0.19623078405857086,0.0722997635602951,0.10388700664043427,0.0730292946100235,0.028315596282482147,0.18307220935821533,0.09450319409370422,0.0888315737247467,Cello
6efbaf90.wav,Double_bass,0.03444521874189377,0.11799721419811249,0.2168244570493698,0.0479138009250164,0.06107325106859207,0.046090297400951385,0.026454031467437744,0.10317337512969971,0.12273633480072021,0.22329199314117432,Violin_or_fiddle
642ad7e4.wav,Double_bass,0.049619052559137344,0.08289986103773117,0.1706525981426239,0.0401914119720459,0.15208077430725098,0.05314933508634567,0.02532181702554226,0.13035082817077637,0.09592673182487488,0.19980758428573608,Violin_or_fiddle
5eadbc6d.wav,Double_bass,0.04342788830399513,0.0917634442448616,0.45875048637390137,0.07537219673395157,0.09942566603422165,0.0778399407863617,0.010617016814649105,0.052111316472291946,0.05182713642716408,0.0388648621737957,Cello
1a7d3f2d.wav,Double_bass,0.07145106047391891,0.09250345826148987,0.18946245312690735,0.056759461760520935,0.12031970918178558,0.06946273893117905,0.02816632390022278,0.13689590990543365,0.10784510523080826,0.1271338164806366,Cello
13da16ae.wav,Double_bass,0.06899002194404602,0.08096729218959808,0.22042833268642426,0.08456278592348099,0.15691468119621277,0.06391988694667816,0.03431660681962967,0.12488722056150436,0.061506614089012146,0.10350655764341354,Cello
103f29e5.wav,Double_bass,0.08008038252592087,0.10348428040742874,0.13844522833824158,0.03624703362584114,0.38470572233200073,0.052833955734968185,0.0019127605482935905,0.1140422523021698,0.02046731300652027,0.06778112798929214,Double_bass
da8ea649.wav,Double_bass,0.05349820852279663,0.10494235157966614,0.2916776239871979,0.04809834435582161,0.09614089131355286,0.05477473884820938,0.02252986468374729,0.08764464408159256,0.1693960577249527,0.07129732519388199,Cello
ca348cbb.wav,Double_bass,0.06144960597157478,0.08818145841360092,0.22082343697547913,0.06308203190565109,0.09498031437397003,0.08287812769412994,0.03751298040151596,0.14381960034370422,0.11594979465007782,0.09132261574268341,Cello
8ce2e863.wav,Double_bass,0.012596081010997295,0.5044126510620117,0.3192492127418518,0.020170239731669426,0.06750775128602982,0.02269071340560913,0.008056183345615864,0.011901842430233955,0.023990517482161522,0.009424765594303608,Bass_drum
462b676f.wav,Double_bass,0.06215856969356537,0.0760866329073906,0.18827268481254578,0.04535908252000809,0.18522247672080994,0.06490474939346313,0.01565922051668167,0.1508537232875824,0.04633072018623352,0.1651521474123001,Cello
b428466c.wav,Double_bass,0.035283636301755905,0.12789085507392883,0.2107788771390915,0.04210105910897255,0.06398399919271469,0.04766196012496948,0.028363341465592384,0.137701615691185,0.0683828666806221,0.23785178363323212,Violin_or_fiddle
4fd883bb.wav,Double_bass,0.06687171757221222,0.08856923133134842,0.23750285804271698,0.06717006117105484,0.11151038855314255,0.06609917432069778,0.03423922136425972,0.1076589822769165,0.12378806620836258,0.09659028053283691,Cello
2ac8b94f.wav,Double_bass,0.0385381355881691,0.07643492519855499,0.41638854146003723,0.07497494667768478,0.07069078087806702,0.09211481362581253,0.04393431544303894,0.11582018435001373,0.04178047925233841,0.029322849586606026,Cello
c840804f.wav,Double_bass,0.056144773960113525,0.10429514944553375,0.24138744175434113,0.04980017989873886,0.07279617339372635,0.06562163680791855,0.02860589511692524,0.1936223953962326,0.06940671056509018,0.11831963062286377,Cello
f63f3703.wav,Double_bass,0.04113189876079559,0.10163118690252304,0.21970431506633759,0.04245463013648987,0.08377867192029953,0.054729774594306946,0.027465296909213066,0.11589321494102478,0.12981745600700378,0.18339349329471588,Cello
c0ddf010.wav,Double_bass,0.05518703535199165,0.09177745133638382,0.21280653774738312,0.06793726235628128,0.12055128812789917,0.05731147155165672,0.02776646800339222,0.12386027723550797,0.0634373351931572,0.1793648600578308,Cello
a0cbe92e.wav,Double_bass,0.05556505545973778,0.1394149214029312,0.32373377680778503,0.056039147078990936,0.15085431933403015,0.05439285561442375,0.016967492178082466,0.060926299542188644,0.09787999093532562,0.04422609135508537,Cello
4fb480bf.wav,Double_bass,0.03769353777170181,0.06536414474248886,0.19536295533180237,0.03491087257862091,0.05020856857299805,0.04312162473797798,0.017392482608556747,0.1275130659341812,0.13395528495311737,0.2944774925708771,Violin_or_fiddle
9dd0141c.wav,Double_bass,0.07234811782836914,0.08187878131866455,0.1267729252576828,0.03766848146915436,0.45759376883506775,0.04570109024643898,0.001973668346181512,0.09763303399085999,0.020164281129837036,0.05826584994792938,Double_bass
deb87700.wav,Double_bass,0.10062921792268753,0.06558340042829514,0.19416336715221405,0.09758079051971436,0.1651836484670639,0.07271870225667953,0.01285666786134243,0.14367792010307312,0.07430266588926315,0.07330361753702164,Cello
e0ecd1a6.wav,Double_bass,0.0867544561624527,0.07890602946281433,0.16090333461761475,0.08121448010206223,0.1641935110092163,0.07007736712694168,0.027964811772108078,0.11757368594408035,0.10684240609407425,0.10556992888450623,Double_bass
0286fc27.wav,Double_bass,0.03823263570666313,0.17176474630832672,0.3004745841026306,0.031009161844849586,0.10031509399414062,0.06445241719484329,0.01605704240500927,0.10051078349351883,0.06973395496606827,0.10744959115982056,Cello
e2d993ec.wav,Cello,0.07128482311964035,0.07133016735315323,0.328041136264801,0.06838788837194443,0.06646855175495148,0.08713436871767044,0.017684463411569595,0.15789806842803955,0.046894993633031845,0.08487550914287567,Cello
0091fc7f.wav,Cello,0.07620583474636078,0.07868639379739761,0.34358617663383484,0.11052848398685455,0.1012403666973114,0.06829758733510971,0.01329088769853115,0.09369322657585144,0.04880712926387787,0.06566386669874191,Cello
e55c5160.wav,Cello,0.0857260525226593,0.10103403031826019,0.24783343076705933,0.08407315611839294,0.08537285774946213,0.08157780021429062,0.017127973958849907,0.16792453825473785,0.04349486529827118,0.08583526313304901,Cello
a59b5a08.wav,Cello,0.03644708916544914,0.07698050886392593,0.478793203830719,0.04742082208395004,0.06302343308925629,0.04994357004761696,0.008435430936515331,0.050468575209379196,0.0713547021150589,0.11713271588087082,Cello
88500b88.wav,Cello,0.05876633897423744,0.07062321901321411,0.19662214815616608,0.059968169778585434,0.1439044028520584,0.07226535677909851,0.006206232588738203,0.3104983866214752,0.021458009257912636,0.059687722474336624,Saxophone
743ae0f9.wav,Cello,0.0490308478474617,0.05564874783158302,0.422749787569046,0.03249248489737511,0.039267197251319885,0.07816014438867569,0.015529483556747437,0.13799262046813965,0.08488603681325912,0.08424265682697296,Cello
9e3bc1b6.wav,Cello,0.07193359732627869,0.07857942581176758,0.2300027757883072,0.22242240607738495,0.07569659501314163,0.06353486329317093,0.022595137357711792,0.1342238485813141,0.04109559208154678,0.05991576984524727,Cello
3e2bddda.wav,Cello,0.06478458642959595,0.04310564696788788,0.28745222091674805,0.047398973256349564,0.039196278899908066,0.08517993986606598,0.02993253618478775,0.20523910224437714,0.0960068628191948,0.10170383751392365,Cello
d328db67.wav,Cello,0.05463617295026779,0.07778464257717133,0.4951636791229248,0.05242258682847023,0.06767284125089645,0.08431998640298843,0.012237598188221455,0.06568668782711029,0.05505985766649246,0.035015884786844254,Cello
7d896090.wav,Cello,0.0772659182548523,0.0713486447930336,0.14733915030956268,0.13521580398082733,0.09272277355194092,0.05365589261054993,0.012016650289297104,0.23687399923801422,0.042541008442640305,0.13102012872695923,Saxophone
4bff8f32.wav,Cello,0.05242439731955528,0.09692203253507614,0.3842959702014923,0.06481090188026428,0.07344941794872284,0.06349190324544907,0.01777724176645279,0.08325396478176117,0.0803108736872673,0.08326339721679688,Cello
5e5bca7a.wav,Cello,0.0352008156478405,0.08119194209575653,0.5151199102401733,0.0578669048845768,0.060232918709516525,0.058098312467336655,0.008346245624125004,0.048304326832294464,0.07915248721837997,0.056486088782548904,Cello
811bf309.wav,Cello,0.08009424805641174,0.08011219650506973,0.24826371669769287,0.05306467413902283,0.08371197432279587,0.11335492134094238,0.020381538197398186,0.1380196511745453,0.07616616040468216,0.10683093219995499,Cello
5689818f.wav,Cello,0.06351860612630844,0.08333657681941986,0.3071451485157013,0.05475456267595291,0.08455628156661987,0.099395252764225,0.015303474850952625,0.13184747099876404,0.07536379992961884,0.08477890491485596,Cello
81d9f077.wav,Cello,0.0394342802464962,0.06644204258918762,0.499336302280426,0.06020057573914528,0.0430225245654583,0.07375059276819229,0.018089640885591507,0.10062217712402344,0.05224652215838432,0.04685530811548233,Cello
00353774.wav,Cello,0.10409174114465714,0.08701800554990768,0.17000415921211243,0.09089472889900208,0.09376659244298935,0.08251810073852539,0.01615096814930439,0.17390736937522888,0.07236294448375702,0.1092853769659996,Saxophone
6a210ffa.wav,Cello,0.04798930883407593,0.07850172370672226,0.3564217984676361,0.053927816450595856,0.05208832025527954,0.08068708330392838,0.024875253438949585,0.1374524086713791,0.07662338018417358,0.09143286198377609,Cello
e97d9707.wav,Cello,0.07294720411300659,0.04929574579000473,0.27522602677345276,0.05710751935839653,0.08471401780843735,0.10156095772981644,0.010878361761569977,0.21940135955810547,0.06812859326601028,0.060740165412425995,Cello
238b16a5.wav,Cello,0.06909750401973724,0.08054403960704803,0.2229977697134018,0.06304531544446945,0.08188795298337936,0.06491508334875107,0.0345907136797905,0.1701425164937973,0.11309810727834702,0.09968100488185883,Cello
dc5be9d7.wav,Cello,0.043502096086740494,0.10387515276670456,0.4548928439617157,0.054488375782966614,0.04311996325850487,0.09326841682195663,0.02133004739880562,0.1037997379899025,0.03969094902276993,0.042032383382320404,Cello
f9653de8.wav,Cello,0.03867283836007118,0.06210435554385185,0.46394798159599304,0.04488768056035042,0.051953550428152084,0.05692934989929199,0.0117017962038517,0.07439299672842026,0.07878221571445465,0.11662712693214417,Cello
31dbc5c0.wav,Cello,0.06859145313501358,0.06523469090461731,0.3095564842224121,0.037682488560676575,0.05524493753910065,0.11032754927873611,0.011182039976119995,0.24243685603141785,0.03643881529569626,0.06330472975969315,Cello
cbc8d551.wav,Cello,0.09626428782939911,0.07078643888235092,0.23995685577392578,0.04346476122736931,0.08006305992603302,0.07519683241844177,0.015032551251351833,0.23247739672660828,0.06099724769592285,0.08576055616140366,Cello
195f544d.wav,Cello,0.06819724291563034,0.05185013636946678,0.2725740671157837,0.04822859540581703,0.050432514399290085,0.09879671037197113,0.019259268417954445,0.24958853423595428,0.0492863655090332,0.0917864739894867,Cello
22bea889.wav,Cello,0.07606744766235352,0.07701827585697174,0.21704965829849243,0.05657659471035004,0.09104455262422562,0.07966771721839905,0.026483556255698204,0.15918219089508057,0.09676472097635269,0.1201452985405922,Cello
ab8e8ae3.wav,Cello,0.05023164302110672,0.08692923933267593,0.5235523581504822,0.05441934987902641,0.06526539474725723,0.06960362195968628,0.01029940228909254,0.05703086405992508,0.05333110690116882,0.02933710813522339,Cello
e70c41d4.wav,Cello,0.08492835611104965,0.043904345482587814,0.22010637819766998,0.08356426656246185,0.04648086056113243,0.11033632606267929,0.015558386221528053,0.27025967836380005,0.042870812118053436,0.08199054002761841,Saxophone
125e6ccf.wav,Cello,0.035413362085819244,0.043374884873628616,0.7019855380058289,0.04224127158522606,0.03340335935354233,0.06326768547296524,0.00551031855866313,0.03497885912656784,0.01845400594174862,0.02137080952525139,Cello
2da9e12a.wav,Cello,0.04103715345263481,0.06619206070899963,0.4730611741542816,0.05332531780004501,0.04294106736779213,0.07450428605079651,0.021242491900920868,0.11076510697603226,0.05928979814052582,0.05764146149158478,Cello
34e4d187.wav,Cello,0.04069945588707924,0.06772349774837494,0.42830395698547363,0.0326639860868454,0.041681721806526184,0.06827034056186676,0.01562635973095894,0.11705754697322845,0.06565246731042862,0.12232071906328201,Cello
52e54bdd.wav,Bass_drum,0.02926875278353691,0.053801678121089935,0.26128605008125305,0.033204127103090286,0.04938284307718277,0.04623556509613991,0.03434901311993599,0.10241308063268661,0.20382742583751678,0.18623141944408417,Cello
6d21ad67.wav,Bass_drum,0.05583089962601662,0.13753899931907654,0.3568151295185089,0.068931445479393,0.10038994252681732,0.0595056414604187,0.024299178272485733,0.05922558158636093,0.09899581968784332,0.03846731036901474,Cello
ca3f3698.wav,Bass_drum,0.031220747157931328,0.20592929422855377,0.44590556621551514,0.03380221128463745,0.07720127701759338,0.02570677548646927,0.011600727215409279,0.03801955655217171,0.09938765317201614,0.031226208433508873,Cello
aa9ae956.wav,Bass_drum,0.017647743225097656,0.04629504308104515,0.11034876108169556,0.04830946773290634,0.03212221711874008,0.028821459040045738,0.03649362176656723,0.07150926440954208,0.07342872768640518,0.5350236892700195,Violin_or_fiddle
0ddb4bdf.wav,Bass_drum,0.015550409443676472,0.04874788224697113,0.1069842204451561,0.04963769391179085,0.03142527863383293,0.028089936822652817,0.0340755470097065,0.09077437967061996,0.06543512642383575,0.5292795300483704,Violin_or_fiddle
921eee9d.wav,Bass_drum,0.048219695687294006,0.14293499290943146,0.4076279103755951,0.0637328028678894,0.0748550072312355,0.051648933440446854,0.025492042303085327,0.06300929188728333,0.08636470884084702,0.036114566028118134,Cello
c153f347.wav,Bass_drum,0.03109860047698021,0.15140244364738464,0.44583573937416077,0.05478234961628914,0.0710095763206482,0.03198746591806412,0.021869579330086708,0.04724814370274544,0.0994390919804573,0.04532701149582863,Cello
63e0ab2c.wav,Bass_drum,0.018436547368764877,0.03859575092792511,0.10264260321855545,0.02689344994723797,0.028970325365662575,0.024822954088449478,0.013064069673418999,0.06565263867378235,0.0635991096496582,0.617322564125061,Violin_or_fiddle
88780eac.wav,Bass_drum,0.041083548218011856,0.10894966125488281,0.3434087038040161,0.052651286125183105,0.07764266431331635,0.05317310988903046,0.04086938500404358,0.073188416659832,0.16381841897964478,0.04521482065320015,Cello
bea51ca5.wav,Bass_drum,0.021296147257089615,0.3492773473262787,0.25615864992141724,0.037738602608442307,0.07551579177379608,0.0744343027472496,0.015297460369765759,0.08834469318389893,0.03280682489275932,0.04913017898797989,Bass_drum
f26131d8.wav,Bass_drum,0.03179963678121567,0.09111437946557999,0.3658265173435211,0.11067545413970947,0.08136940747499466,0.08527856320142746,0.04560226574540138,0.06638363003730774,0.06675765663385391,0.05519244074821472,Cello
ce75b5ce.wav,Bass_drum,0.04264884069561958,0.10405558347702026,0.31184059381484985,0.07866775244474411,0.06803058087825775,0.0617561936378479,0.05579812452197075,0.09403485059738159,0.1193549633026123,0.0638125091791153,Cello
565f3ee2.wav,Bass_drum,0.0412142276763916,0.10283748805522919,0.3635275065898895,0.05821368843317032,0.08018717169761658,0.060739580541849136,0.03296329826116562,0.06215988099575043,0.11829143017530441,0.0798657238483429,Cello
ff11628d.wav,Bass_drum,0.021339084953069687,0.047164637595415115,0.12221460044384003,0.04071731120347977,0.04108898714184761,0.031880933791399,0.03561927005648613,0.08904014527797699,0.11680065095424652,0.45413437485694885,Violin_or_fiddle
cdfc8967.wav,Bass_drum,0.028192991390824318,0.09479445219039917,0.28324490785598755,0.03196702152490616,0.052388377487659454,0.025981461629271507,0.01880546286702156,0.12012732028961182,0.15920932590961456,0.1852886974811554,Cello
f8a99b37.wav,Bass_drum,0.02433566376566887,0.04642418399453163,0.11988124996423721,0.03943614289164543,0.03757348284125328,0.031738437712192535,0.026898518204689026,0.07752532511949539,0.11379951238632202,0.4823874831199646,Violin_or_fiddle
809ea09e.wav,Bass_drum,0.01666541025042534,0.053281497210264206,0.12073376029729843,0.03900288790464401,0.03638185188174248,0.027826230973005295,0.032356780022382736,0.08209069818258286,0.06604711711406708,0.5256137847900391,Violin_or_fiddle
03fc1f96.wav,Bass_drum,0.03620748594403267,0.14186958968639374,0.3026633858680725,0.05882773920893669,0.0913306176662445,0.05882453918457031,0.03353063017129898,0.07520289719104767,0.08119381219148636,0.12034930288791656,Cello
8b6a16de.wav,Bass_drum,0.029645642265677452,0.1986619383096695,0.47494038939476013,0.037310127168893814,0.0753251314163208,0.02397231198847294,0.01239035464823246,0.03266238421201706,0.07947397977113724,0.035617779940366745,Cello
7dda9dc2.wav,Bass_drum,0.07032846659421921,0.07460059225559235,0.20972955226898193,0.059322889894247055,0.1024155467748642,0.08163437992334366,0.026316139847040176,0.14813771843910217,0.09509094059467316,0.13242381811141968,Cello
3a9085ca.wav,Bass_drum,0.040881410241127014,0.07793018221855164,0.2563105821609497,0.07329350709915161,0.06044113636016846,0.07030624151229858,0.044963836669921875,0.13940544426441193,0.09777507930994034,0.13869260251522064,Cello
4ba2b70e.wav,Bass_drum,0.029576612636446953,0.08865322917699814,0.20874691009521484,0.08493313938379288,0.06849860399961472,0.06026195362210274,0.27926650643348694,0.06078994646668434,0.07700518518686295,0.04226793721318245,Hi-hat
01c2f88b.wav,Bass_drum,0.029241524636745453,0.08577702194452286,0.15791334211826324,0.03423665836453438,0.05510702729225159,0.032562997192144394,0.025890715420246124,0.07410416007041931,0.15804050862789154,0.3471260070800781,Violin_or_fiddle
ce3f3400.wav,Bass_drum,0.03600369021296501,0.09968812018632889,0.3195260167121887,0.04493106156587601,0.06622501462697983,0.04706298187375069,0.02883301116526127,0.10439998656511307,0.14260628819465637,0.11072384566068649,Cello
6a96272b.wav,Bass_drum,0.02364654839038849,0.3262749910354614,0.3837960362434387,0.03578997403383255,0.08729079365730286,0.030327431857585907,0.012320945970714092,0.035308320075273514,0.04278586804866791,0.022459156811237335,Cello
9adffd44.wav,Bass_drum,0.030450114980340004,0.20887325704097748,0.438724160194397,0.040688734501600266,0.07629933953285217,0.0272561926394701,0.014743301086127758,0.03833722695708275,0.09024501591920853,0.034382522106170654,Cello
7d11b3b4.wav,Bass_drum,0.0342959463596344,0.17182941734790802,0.47167831659317017,0.054136212915182114,0.07364603877067566,0.032176654785871506,0.016341138631105423,0.04067578911781311,0.0889187753200531,0.016301654279232025,Cello
bab98261.wav,Bass_drum,0.04319719597697258,0.15064610540866852,0.4379262626171112,0.06101959943771362,0.08356025815010071,0.03800652548670769,0.021047577261924744,0.04949305206537247,0.09225161373615265,0.022851763293147087,Cello
c11bacda.wav,Bass_drum,0.032021380960941315,0.12293799221515656,0.3754866421222687,0.03666796162724495,0.06108108162879944,0.03587972745299339,0.03215867280960083,0.06917949765920639,0.1847633272409439,0.04982368275523186,Cello
9a4bfb69.wav,Bass_drum,0.041990917176008224,0.10346976667642593,0.25821012258529663,0.04512960463762283,0.07585729658603668,0.04209534823894501,0.025741785764694214,0.09563982486724854,0.13691972196102142,0.1749456524848938,Cello
18865530.wav,Flute,0.05222228169441223,0.05335939675569534,0.39158186316490173,0.0673738420009613,0.05649968609213829,0.1566658765077591,0.030419858172535896,0.0720270648598671,0.05802169069647789,0.061828404664993286,Cello
9f6eac9c.wav,Flute,0.05654403194785118,0.06406713277101517,0.22712962329387665,0.10212624073028564,0.06674858182668686,0.15218251943588257,0.02589583955705166,0.1664101481437683,0.053423769772052765,0.08547208458185196,Cello
07db7f16.wav,Flute,0.06236227974295616,0.09593312442302704,0.214108407497406,0.10849925130605698,0.05396614223718643,0.11970102041959763,0.037752240896224976,0.13112440705299377,0.0535443015396595,0.1230088621377945,Cello
dc6676ff.wav,Flute,0.05487697198987007,0.046330083161592484,0.38984575867652893,0.06625320762395859,0.06001395732164383,0.16272740066051483,0.02685723640024662,0.08658086508512497,0.05476413667201996,0.05175038054585457,Cello
3eaddda8.wav,Flute,0.05654389411211014,0.08082590997219086,0.2550918459892273,0.05141463130712509,0.06881217658519745,0.1555989682674408,0.027966057881712914,0.16805517673492432,0.055031128227710724,0.08066020905971527,Cello
1b93aeba.wav,Flute,0.09346397966146469,0.0420379675924778,0.1579533815383911,0.05742968991398811,0.18979370594024658,0.23735593259334564,0.0035978909581899643,0.08951090276241302,0.07850202172994614,0.05035454407334328,Flute
c683f28f.wav,Flute,0.0487050861120224,0.06886434555053711,0.3775508999824524,0.03932826966047287,0.04555805027484894,0.1550479233264923,0.019584449008107185,0.1289668083190918,0.04522569850087166,0.0711684450507164,Cello
55d52a69.wav,Flute,0.02291814796626568,0.07754507660865784,0.3356293737888336,0.0848911851644516,0.04103795811533928,0.1728551685810089,0.04489205777645111,0.09245695918798447,0.05637864023447037,0.07139545679092407,Cello
ca8653d2.wav,Flute,0.06122593581676483,0.07897354662418365,0.22986167669296265,0.06411071121692657,0.08081944286823273,0.13909152150154114,0.020588384941220284,0.20586133003234863,0.047295596450567245,0.0721718966960907,Cello
6b27a847.wav,Flute,0.06696754693984985,0.046464383602142334,0.4047030508518219,0.054425813257694244,0.06074065715074539,0.15010520815849304,0.01811278983950615,0.0970427617430687,0.04663490876555443,0.054802753031253815,Cello
4bcc8a77.wav,Flute,0.06760929524898529,0.07654199004173279,0.18495114147663116,0.05369887501001358,0.18496428430080414,0.17065665125846863,0.00918531697243452,0.12180904299020767,0.05698235705494881,0.07360107451677322,Double_bass
84f5b84b.wav,Flute,0.041710447520017624,0.1237422451376915,0.30817118287086487,0.02682790346443653,0.02729647606611252,0.16280202567577362,0.02095305547118187,0.1646302193403244,0.03940481320023537,0.08446169644594193,Cello
5d73ee6f.wav,Flute,0.04928218573331833,0.08383457362651825,0.22877740859985352,0.05217522010207176,0.07037867605686188,0.1512969583272934,0.04248948395252228,0.16218237578868866,0.0823114737868309,0.0772717073559761,Cello
5d040c3b.wav,Flute,0.0953601598739624,0.09148392081260681,0.19633659720420837,0.0674821138381958,0.12115547806024551,0.08797039091587067,0.016972489655017853,0.17148135602474213,0.07890031486749649,0.07285727560520172,Cello
6a037ddf.wav,Flute,0.033183906227350235,0.08533070236444473,0.325484037399292,0.06223416328430176,0.04404398053884506,0.13905927538871765,0.04928814247250557,0.11678817123174667,0.0673578530550003,0.07722976803779602,Cello
35e97db3.wav,Flute,0.06794039905071259,0.05694430321455002,0.39473047852516174,0.058518022298812866,0.05546507239341736,0.19572602212429047,0.009477402083575726,0.08734168857336044,0.02013768069446087,0.0537189245223999,Cello
d14f5df1.wav,Flute,0.05965147539973259,0.0820816159248352,0.24239948391914368,0.06629969924688339,0.08506367355585098,0.1243990957736969,0.019167298451066017,0.1990050971508026,0.047050200402736664,0.07488233596086502,Cello
9f522cda.wav,Flute,0.06777670234441757,0.058703500777482986,0.2675402760505676,0.056665726006031036,0.07071423530578613,0.12540218234062195,0.02213834971189499,0.20030294358730316,0.04910364747047424,0.08165232837200165,Cello
fe76c972.wav,Flute,0.057364169508218765,0.07918219268321991,0.2661815583705902,0.0610307939350605,0.07560724020004272,0.15876919031143188,0.02021660842001438,0.15745839476585388,0.048814043402671814,0.07537578791379929,Cello
562d93f5.wav,Flute,0.053543571382761,0.07162637263536453,0.25497132539749146,0.07637648284435272,0.0742720291018486,0.16571255028247833,0.026829076930880547,0.14234763383865356,0.06040683761239052,0.0739140436053276,Cello
fa32109e.wav,Flute,0.05310877412557602,0.07003355771303177,0.24470439553260803,0.10364729166030884,0.06981781125068665,0.1337333768606186,0.028514882549643517,0.16530130803585052,0.05302465334534645,0.07811395823955536,Cello
b4b2b68d.wav,Flute,0.06165752559900284,0.1022469773888588,0.2829713523387909,0.05915568023920059,0.08629955351352692,0.12014041095972061,0.019974900409579277,0.15674640238285065,0.04608694091439247,0.06472022831439972,Cello
af227d6f.wav,Flute,0.058153025805950165,0.0746607705950737,0.3014723062515259,0.05390516296029091,0.06308744847774506,0.14587187767028809,0.022458350285887718,0.15966488420963287,0.04887586832046509,0.0718502402305603,Cello
85d6a7d2.wav,Flute,0.056308891624212265,0.08219698816537857,0.28038525581359863,0.053858764469623566,0.06719757616519928,0.1496289223432541,0.01981455646455288,0.17641425132751465,0.04546067863702774,0.0687340795993805,Cello
3707da71.wav,Flute,0.06269367784261703,0.06607554852962494,0.22894440591335297,0.08255314081907272,0.06506422907114029,0.14081232249736786,0.030586447566747665,0.17626602947711945,0.05295470356941223,0.09404947608709335,Cello
61c914b1.wav,Flute,0.04616623371839523,0.05100535601377487,0.4291389584541321,0.08987176418304443,0.07337655127048492,0.14311936497688293,0.014717547222971916,0.06169404834508896,0.045817941427230835,0.04509219527244568,Cello
f5e20dce.wav,Flute,0.08620122075080872,0.07504148036241531,0.23010234534740448,0.07526127994060516,0.09015795588493347,0.09985791891813278,0.022745905444025993,0.1662193387746811,0.08142662793397903,0.07298587262630463,Cello
b0d9849d.wav,Flute,0.05382542312145233,0.06472665071487427,0.27053067088127136,0.07593902200460434,0.06915199011564255,0.15209700167179108,0.02291896753013134,0.15287034213542938,0.058019254356622696,0.07992081344127655,Cello
6ef82473.wav,Flute,0.06882661581039429,0.08346620947122574,0.2280263751745224,0.053507059812545776,0.09158091992139816,0.1267041563987732,0.023956699296832085,0.19696903228759766,0.04705897718667984,0.07990392297506332,Cello
8986cced.wav,Flute,0.07699080556631088,0.06349541246891022,0.16838333010673523,0.05634502321481705,0.210284024477005,0.1557988077402115,0.006447045598179102,0.12258447706699371,0.07817307114601135,0.0614980086684227,Double_bass
a64a3740.wav,Clarinet,0.03567218407988548,0.045584529638290405,0.2757893204689026,0.23909331858158112,0.02812364138662815,0.11785083264112473,0.05894787982106209,0.0675516203045845,0.03185565397143364,0.09953102469444275,Cello
ad7ec8cb.wav,Clarinet,0.018539540469646454,0.029074370861053467,0.15245099365711212,0.5307542681694031,0.022966919466853142,0.08336229622364044,0.02887256070971489,0.047497138381004333,0.01502171903848648,0.07146023958921432,Clarinet
8ee44fb5.wav,Clarinet,0.04186989367008209,0.06433498114347458,0.33627939224243164,0.08319946378469467,0.12054457515478134,0.14678335189819336,0.009751716628670692,0.05909952521324158,0.07332674413919449,0.0648103877902031,Cello
7eb959ec.wav,Clarinet,0.0905737355351448,0.043463293462991714,0.15894144773483276,0.2905499339103699,0.09463198482990265,0.06403349339962006,0.017222542315721512,0.1133829727768898,0.03356076031923294,0.0936398059129715,Clarinet
e51e1770.wav,Clarinet,0.05259183049201965,0.0710153579711914,0.3842729926109314,0.08633150905370712,0.07799296081066132,0.11800915002822876,0.016640247777104378,0.07129893451929092,0.0630410686135292,0.0588059276342392,Cello
3f7e6da8.wav,Clarinet,0.07976973056793213,0.04089895635843277,0.17703410983085632,0.31833162903785706,0.11348745971918106,0.06940580904483795,0.010525740683078766,0.09185327589511871,0.03734058141708374,0.06135277450084686,Clarinet
3cbe9902.wav,Clarinet,0.11135891079902649,0.06151678413152695,0.1673034280538559,0.15010236203670502,0.10536549240350723,0.05404546484351158,0.02516697719693184,0.14681090414524078,0.06948231905698776,0.10884743928909302,Cello
9a722e53.wav,Clarinet,0.09568464010953903,0.05904850363731384,0.16510553658008575,0.18116675317287445,0.14984183013439178,0.0721086859703064,0.011926737613976002,0.11364582180976868,0.06537807732820511,0.0860934853553772,Clarinet
19105b8a.wav,Clarinet,0.14487406611442566,0.05146455392241478,0.1750786304473877,0.14016345143318176,0.1743706911802292,0.07208970934152603,0.011000840924680233,0.11724837869405746,0.04649953171610832,0.0672101303935051,Cello
1f81cc2b.wav,Clarinet,0.08914822340011597,0.05322617292404175,0.20522166788578033,0.21974019706249237,0.10294860601425171,0.0831744372844696,0.0176994688808918,0.10952547192573547,0.039267946034669876,0.08004783093929291,Clarinet
44c5094c.wav,Clarinet,0.06722164154052734,0.07837732136249542,0.26574069261550903,0.05302523076534271,0.06267138570547104,0.13950593769550323,0.026969455182552338,0.16582106053829193,0.070650115609169,0.07001716643571854,Cello
5506629f.wav,Clarinet,0.048821136355400085,0.06974967569112778,0.2483305037021637,0.20325712859630585,0.0865926742553711,0.102055124938488,0.023606203496456146,0.09198562800884247,0.05983424559235573,0.06576767563819885,Cello
ddf23920.wav,Clarinet,0.05939823389053345,0.035447295755147934,0.25811275839805603,0.22826310992240906,0.049768563359975815,0.07468931376934052,0.017101915553212166,0.15420342981815338,0.04248541593551636,0.08052990585565567,Cello
2e1cd085.wav,Clarinet,0.04349032789468765,0.04497876763343811,0.1523667871952057,0.25040870904922485,0.024206440895795822,0.0786135345697403,0.07410871237516403,0.11745091527700424,0.047151342034339905,0.16722442209720612,Clarinet
dc981a38.wav,Clarinet,0.1033107191324234,0.06601603329181671,0.23328204452991486,0.11834350973367691,0.12608949840068817,0.08814343065023422,0.019480235874652863,0.12824805080890656,0.03837141394615173,0.07871504873037338,Cello
a053797b.wav,Clarinet,0.05778716504573822,0.14012904465198517,0.26069357991218567,0.046203285455703735,0.1481471210718155,0.08021596074104309,0.014642536640167236,0.08117490261793137,0.08287851512432098,0.08812795579433441,Cello
f2310f0d.wav,Clarinet,0.07261092960834503,0.10584361851215363,0.21560052037239075,0.0561230443418026,0.13714814186096191,0.08830638974905014,0.02254132740199566,0.09103573113679886,0.10135730355978012,0.10943296551704407,Cello
ce65d6b5.wav,Clarinet,0.08443223685026169,0.09174159169197083,0.196666419506073,0.08259059488773346,0.17055045068264008,0.09883182495832443,0.01669221557676792,0.09801226854324341,0.08210514485836029,0.07837720960378647,Cello
45de3233.wav,Clarinet,0.03148290514945984,0.0492204986512661,0.22802722454071045,0.31664589047431946,0.04400509223341942,0.07036840915679932,0.03522731363773346,0.10225596278905869,0.05365697667002678,0.06910970062017441,Clarinet
8916ffcd.wav,Clarinet,0.0945492535829544,0.07871831953525543,0.202114075422287,0.08738867938518524,0.09844861179590225,0.08552919328212738,0.030720647424459457,0.1489589512348175,0.08420511335134506,0.08936714380979538,Cello
e43f7db2.wav,Clarinet,0.06519842147827148,0.06694475561380386,0.23695148527622223,0.05157163739204407,0.055910494178533554,0.13331323862075806,0.023954851552844048,0.23530586063861847,0.05633018538355827,0.07451911270618439,Cello
3c66098d.wav,Clarinet,0.04264965280890465,0.040647126734256744,0.49607977271080017,0.10346190631389618,0.05982629209756851,0.12036814540624619,0.013296653516590595,0.04991237074136734,0.03865554928779602,0.03510258346796036,Cello
ad42e493.wav,Clarinet,0.06190520152449608,0.12192487716674805,0.2543962001800537,0.04805063083767891,0.16111555695533752,0.08049711585044861,0.018844645470380783,0.08074484765529633,0.08816885948181152,0.08435195684432983,Cello
740e5bb7.wav,Clarinet,0.0771288201212883,0.052544187754392624,0.21786297857761383,0.21461862325668335,0.10008572787046432,0.07672648131847382,0.03319387882947922,0.10254357755184174,0.05623970180749893,0.0690559670329094,Cello
800b401e.wav,Clarinet,0.040002673864364624,0.07057715207338333,0.1816912144422531,0.18673904240131378,0.09195972979068756,0.07095938920974731,0.03003641776740551,0.15715903043746948,0.03766549751162529,0.13320989906787872,Clarinet
3c713bcf.wav,Clarinet,0.03783440217375755,0.024873321875929832,0.12671294808387756,0.44887301325798035,0.023565096780657768,0.04828726872801781,0.027359087020158768,0.11945019662380219,0.026818683370947838,0.11622589826583862,Clarinet
2fc00271.wav,Clarinet,0.11534185707569122,0.051993418484926224,0.17867974936962128,0.14595109224319458,0.1350954920053482,0.06327980011701584,0.02414393424987793,0.12400715053081512,0.0776679515838623,0.08383948355913162,Cello
b0c06255.wav,Clarinet,0.0959380567073822,0.08565684407949448,0.1958807408809662,0.09000157564878464,0.10541296005249023,0.0792994499206543,0.029401546344161034,0.14797072112560272,0.06941826641559601,0.10101985931396484,Cello
71c6451f.wav,Clarinet,0.03148980811238289,0.029902147129178047,0.1484985649585724,0.3580836355686188,0.03317978233098984,0.09796909242868423,0.024122042581439018,0.10590023547410965,0.028997642919421196,0.14185701310634613,Clarinet
5de123c3.wav,Clarinet,0.06935141235589981,0.05418288707733154,0.2344270944595337,0.10229792445898056,0.04891758784651756,0.14558619260787964,0.038722943514585495,0.12647053599357605,0.06204521283507347,0.11799822002649307,Cello
